<?xml version="1.0" encoding="utf-8" ?>
<!--
 * FCKeditor - The text editor for internet
 * Copyright (C) 2003-2006 Frederico Caldeira Knabben
 * 
 * Licensed under the terms of the GNU Lesser General Public License:
 * 		http://www.opensource.org/licenses/lgpl-license.php
 * 
 * For further information visit:
 * 		http://www.fckeditor.net/
 * 
 * "Support Open Source software. What about a donation today?"
 * 
 * File Name: fckstyles.xml
 * 	This is the sample style definitions file. It makes the styles combo
 * 	completely customizable.
 * 	See FCKConfig.StylesXmlPath in the configuration file.
 * 
 * File Authors:
 * 		Frederico Caldeira Knabben (fredck@fckeditor.net)
-->
<Styles>
	<Style name="下線" element="span">
		<Attribute name="class" value="gd_underline" />
	</Style>
	<Style name="打ち消し線" element="span">
		<Attribute name="class" value="gd_strike" />
	</Style>
	<Style name="文字色（赤）" element="span">
		<Attribute name="class" value="user_red" />
	</Style>
	<Style name="文字色（青）" element="span">
		<Attribute name="class" value="user_blue" />
	</Style>
	<Style name="文字色（緑）" element="span">
		<Attribute name="class" value="user_green" />
	</Style>
	<Style name="文字色（灰）" element="span">
		<Attribute name="class" value="user_gray" />
	</Style>
	<Style name="段落1字下げ" element="p">
		<Attribute name="class" value="user_text-indent1" />
	</Style>
	<Style name="段落2字下げ" element="p">
		<Attribute name="class" value="user_text-indent2" />
	</Style>
	<Style name="段落3字下げ" element="p">
		<Attribute name="class" value="user_text-indent3" />
	</Style>
	<Style name="行中右スペース（1字）" element="span">
		<Attribute name="class" value="user_padding-right" />
	</Style>
	<Style name="行中左スペース（1字）" element="span">
		<Attribute name="class" value="user_padding-left" />
	</Style>
	<Style name="余白（5ピクセル）" element="img">
		<Attribute name="class" value="user_margin_5" />
	</Style>
	<Style name="余白（5ピクセル）" element="div">
		<Attribute name="class" value="user_margin_5" />
	</Style>
	<Style name="PDFアイコン" element="span">
		<Attribute name="class" value="user_pdf_icon" />
	</Style>
	<Style name="WORDアイコン" element="span">
		<Attribute name="class" value="user_word_icon" />
	</Style>
	<Style name="EXCELアイコン" element="span">
		<Attribute name="class" value="user_excel_icon" />
	</Style>
	<Style name="データテーブル" element="table">
		<Attribute name="class" value="data_tbl" />
	</Style>
	<Style name="お問い合わせ" element="p">
		<Attribute name="class" value="user_inquiry" />
	</Style>
	<Style name="リストアイコン丸" element="li">
		<Attribute name="class" value="user_listmark" />
	</Style>
</Styles>