"text","メールアドレス","email","1","","20","3"
"text","氏名","name","1","","20","1"
"text","ふりがな","answer1","","","20","1"
"select","性別","answer2","","","男性,女性",""
"select","年齢","answer3","","","10代以下,20代,30代,40代,50代,60代,70代,80代以上",""
"select","職業","answer4","","","会社員,自営業,公務員,主婦,学生,無職,その他",""
"text","住所","answer5","","","40","1"
"text","郵便番号","answer6","","","10","2"
"text","電話番号","answer7","","","15","2"
"text","件名","question_title","","","40","1"
"textarea","内容","question_context","","","40,5","1"
